Employee_ID,Basic_Salary,HRA,Other_Allowances,Income_Tax,Employee_Provident_Fund,Professional_Tax
1,71422,31403,18521,24370,8571,1428
2,30795,6155,25979,15759,3695,604
3,15860,4691,9559,5040,1903,1921
4,53158,10019,21199,13134,6379,1420
5,77570,38402,12291,38339,9308,314
6,69343,33120,13160,6084,8321,1876
7,59732,6915,5112,19645,7168,264
8,26284,10047,26515,5486,3154,1499
9,69886,32853,24581,31382,8386,1024
10,21265,3662,20924,9376,2552,2486
11,31850,10421,21523,8642,3822,1615
12,77678,36213,6424,32301,9321,1168
13,52194,5928,24333,4389,6263,568
14,36962,14007,24552,8056,4435,432
15,62191,13616,15808,17565,7463,2442
16,75788,35602,11043,16882,9095,1106
17,59131,28881,11989,20260,7096,1120
18,75263,35954,28620,7835,9032,888
19,31023,8987,11261,4056,3723,376
20,56090,24950,5887,7108,6731,2464
21,16685,7305,24488,4718,2002,1234
22,79820,18170,21433,19685,9578,1669
23,15769,6805,25335,11404,1892,829
24,74735,8580,24944,29921,8968,363
25,77955,26388,21402,32548,9355,2300
26,79925,15346,26205,12053,9591,2465
27,71101,10539,27724,17530,8532,1023
28,17433,2280,29442,4908,2092,255
29,20311,7688,17253,5255,2437,317
30,52819,12463,23990,15702,6338,997
31,54188,21128,12846,5909,6503,979
32,32568,4108,11432,5029,3908,1638
33,68707,15536,18452,29149,8245,2093
34,34769,10980,18395,10682,4172,907
35,43693,18189,8765,11399,5243,1303
36,21396,4868,23822,2687,2568,221
37,77187,27043,20950,14001,9262,1700
38,42480,19303,17502,21135,5098,1042
39,56434,19546,14741,8270,6772,1960
40,40658,7854,27742,11726,4879,1316
41,33942,3725,29703,3610,4073,391
42,72001,32259,10941,19536,8640,1218
43,33431,3628,29028,3652,4012,1326
44,79987,35985,9855,32074,9598,595
45,17747,5530,27931,13120,2130,1218
46,73319,34873,28580,33774,8798,766
47,74150,31107,27295,16018,8898,430
48,15189,7582,27865,13130,1823,1073
49,79445,19089,20166,22048,9533,439
50,34118,13882,24145,10349,4094,289
51,50773,13240,25840,18540,6093,2479
52,68810,20089,27745,6192,8257,656
53,16899,5932,27077,4279,2028,2480
54,71886,32311,10788,27087,8626,553
55,16267,8030,5201,3275,1952,1204
56,46551,18961,27544,18565,5586,1556
57,65680,17544,15561,14450,7882,638
58,26394,7088,21901,14605,3167,1598
59,18556,7330,12737,11127,2227,544
60,18890,3693,6988,8011,2267,856
61,56606,8162,20441,10025,6793,2377
62,45740,11062,16737,7247,5489,2388
63,75232,16167,19256,18657,9028,1316
64,29502,6447,25186,3169,3540,825
65,36777,7114,27192,4013,4413,483
66,25627,2994,12162,7680,3075,2179
67,23792,2549,18065,7998,2855,1878
68,58323,28875,27625,34291,6999,422
69,58021,15730,19114,9329,6963,943
70,23433,5946,13399,4899,2812,662
71,58001,21568,10633,7070,6960,1768
72,26016,4873,10755,11635,3122,1905
73,38897,18670,15825,17941,4668,1363
74,17612,7301,27693,13445,2113,1936
75,71193,9665,9117,24805,8543,1246
76,73707,19682,29729,22312,8845,864
77,70387,31790,6518,17695,8446,1556
78,69638,33279,27547,17299,8357,1214
79,38483,11043,21346,13983,4618,2332
80,73822,25496,7600,17489,8859,1254
81,63555,10602,18237,15050,7627,1964
82,74900,37185,23579,38560,8988,2487
83,32159,6196,8554,13885,3859,2113
84,59974,28613,21193,27349,7197,562
85,55994,20150,24233,24009,6719,1612
86,29541,10135,20253,13193,3545,867
87,50920,15534,21194,8021,6110,2080
88,41531,7985,6742,3644,4984,1594
89,16585,2830,6306,5728,1990,298
90,18943,3565,8849,7281,2273,2294
91,38939,6798,17360,3896,4673,621
92,34457,14191,17768,18730,4135,1703
93,16021,3846,28903,3550,1923,261
94,26653,3282,18032,5827,3198,1332
95,58573,28563,9195,21010,7029,1902
96,28417,12888,26562,6276,3410,797
97,67995,32033,23939,7916,8159,591
98,55757,27765,23689,14236,6691,1275
99,24692,4187,12619,10021,2963,1512
100,60758,15706,14280,13922,7291,2229
101,78889,31816,7642,25237,9467,1009
102,21873,8277,14369,8677,2625,1605
103,20675,3340,19296,2406,2481,1359
104,15161,6464,27793,14684,1819,1731
105,52065,9881,20438,4972,6248,1585
106,41557,7876,20674,20468,4987,1080
107,48763,15350,9757,13848,5852,1799
108,78757,26555,7994,32948,9451,453
109,47606,15807,20226,6581,5713,2267
110,77255,10553,6271,16238,9271,1368
111,26534,11966,6813,4186,3184,1431
112,44127,9101,23845,4836,5295,365
113,55397,8410,25504,18254,6648,1773
114,76142,34683,27508,14102,9137,816
115,40851,19701,13475,14578,4902,1825
116,16016,7125,9396,2541,1922,702
117,39253,16636,14283,9333,4710,1112
118,70591,25561,18318,28092,8471,2326
119,39276,12582,22200,11795,4713,784
120,38247,5155,28688,14918,4590,2158
121,39300,10351,28715,16603,4716,595
122,23529,5860,5082,8995,2823,1831
123,32262,6578,6920,6005,3871,2080
124,24268,9449,12817,10322,2912,601
125,36271,10821,16683,18521,4353,1174
126,27185,3600,16336,10958,3262,423
127,78704,14802,20596,19679,9444,717
128,36243,13530,7093,11810,4349,435
129,54099,7057,17905,18573,6492,315
130,23571,10383,28455,12673,2829,425
131,72836,21709,29351,6711,8740,2477
132,54976,16066,13367,8331,6597,381
133,53044,17874,10285,20513,6365,1541
134,66214,28464,15896,13066,7946,409
135,76228,18228,9937,24312,9147,1615
136,64216,23837,21753,15706,7706,2343
137,63984,20878,23202,19502,7678,1093
138,55774,11535,23485,6083,6693,2081
139,17568,7931,17977,4144,2108,1309
140,69615,29167,24874,35774,8354,2226
141,77592,28195,23163,35143,9311,593
142,17027,7496,12674,7926,2043,1043
143,17695,7908,22748,7974,2123,1724
144,73839,28306,28678,28642,8861,803
145,63190,27475,8676,20330,7583,781
146,20258,7678,7426,6794,2431,2242
147,37002,13767,29648,5211,4440,2139
148,54504,18937,29473,21427,6540,332
149,48159,19316,7962,18273,5779,2468
150,28986,4738,5859,11816,3478,1175
151,76858,34767,17048,6790,9223,2013
152,78776,35350,9138,28664,9453,1743
153,27666,3090,7424,7367,3320,1557
154,53660,23091,15409,14609,6439,238
155,18561,2813,9017,2489,2227,1516
156,41854,9796,15451,10218,5022,361
157,79505,31596,15278,17515,9541,2109
158,53952,8865,29944,11661,6474,1327
159,67251,28729,15996,26059,8070,2408
160,37662,16302,29726,18845,4519,1858
161,23392,7087,6134,7222,2807,2163
162,45535,4670,26550,21850,5464,1257
163,28067,6029,10119,6078,3368,2489
164,63033,21858,10694,10605,7564,1166
165,67256,33122,27520,27367,8071,1089
166,38599,13615,26869,7885,4632,2360
167,76942,15690,9164,13107,9233,2270
168,50222,17759,23730,9735,6027,1866
169,26837,8480,10039,3052,3220,1641
170,29039,11962,26281,17283,3485,1267
171,73148,10445,19631,11730,8778,327
172,45818,18529,15442,13425,5498,357
173,34115,10798,13252,3538,4094,1026
174,78335,38008,26425,32099,9400,2090
175,25965,6147,25285,7613,3116,711
176,39538,13959,22721,18001,4745,2292
177,57530,27201,22568,16428,6904,2466
178,20056,2828,25810,4818,2407,642
179,47482,22549,6551,13654,5698,2424
180,62716,23528,17625,8582,7526,2475
181,23110,2938,6629,5233,2773,1926
182,28773,6341,22910,7504,3453,2206
183,42266,16199,6361,18021,5072,1895
184,67992,8631,9370,5610,8159,466
185,32412,10789,10283,11954,3889,1037
186,71537,17051,12610,9683,8584,688
187,48270,16816,15558,10464,5792,901
188,21910,2592,19924,6836,2629,886
189,60453,27120,19839,29754,7254,1195
190,40446,19794,16949,8541,4854,556
191,71090,34660,15626,8839,8531,1071
192,68640,27446,6993,13367,8237,2173
193,15206,2312,5869,1781,1825,2451
194,36518,14728,6014,4704,4382,751
195,37361,4104,15103,10944,4483,2010
196,71873,7823,21986,6632,8625,522
197,38419,8815,17013,3709,4610,2428
198,65636,19393,5690,20739,7876,282
199,72010,29392,21873,17309,8641,461
200,63702,23781,28248,9414,7644,983
201,65015,18098,28624,12671,7802,1423
202,66942,14021,15748,20360,8033,1113
203,71560,35698,29170,16219,8587,1143
204,56523,15288,13024,14730,6783,1518
205,69268,19433,21678,8877,8312,1735
206,60151,9952,10488,15878,7218,888
207,37403,15632,25411,10121,4488,1972
208,33141,12510,16035,12753,3977,1038
209,29820,5615,24296,15058,3578,1077
210,55342,7358,26128,18024,6641,248
211,21374,7955,23257,6517,2565,492
212,71044,25704,17855,13057,8525,1851
213,16678,3491,24642,5909,2001,735
214,67394,32372,7817,9807,8087,510
215,68788,11035,25025,9991,8255,736
216,48827,13327,9458,17736,5859,2126
217,70820,33813,10307,16802,8498,433
218,77623,20794,13933,17864,9315,1432
219,31198,11088,23425,13044,3744,2341
220,24914,6454,22063,10548,2990,2472
221,42890,8993,15659,4515,5147,1166
222,67309,33223,10738,28695,8077,1089
223,37299,9837,10668,5453,4476,2258
224,58585,26811,19427,24190,7030,234
225,58689,11267,12697,20099,7043,646
226,79044,14642,29417,28157,9485,1963
227,57557,6472,21446,16646,6907,1758
228,64080,23112,12829,5366,7690,794
229,59020,14602,15751,12521,7082,2225
230,17693,7887,18450,8859,2123,2476
231,44467,12864,12352,10234,5336,543
232,44723,21793,18516,22607,5367,1303
233,61699,10749,28299,12815,7404,1619
234,18627,8335,13326,4971,2235,1513
235,40939,16811,8644,7735,4913,1678
236,63925,26105,26354,15502,7671,1351
237,57941,25373,13003,18238,6953,2121
238,36834,14896,8278,13607,4420,1582
239,33047,11583,12296,12276,3966,2322
240,41105,6268,8074,13969,4933,1769
241,25230,2851,18261,12581,3028,2094
242,30707,14381,16173,15562,3685,2443
243,36976,12818,13312,3454,4437,2066
244,59262,24808,28936,26441,7111,228
245,74581,21823,6637,10520,8950,905
246,38776,5697,18652,5254,4653,1220
247,45080,6765,10103,12986,5410,2263
248,77840,29130,22028,16761,9341,1646
249,16306,4437,7032,1785,1957,1859
250,76373,13763,7761,8263,9165,1166
251,21776,6460,20195,2433,2613,2476
252,42251,5310,23452,19586,5070,772
253,77412,25762,21625,7008,9289,1806
254,70016,14535,7668,9440,8402,814
255,24474,10255,19638,8376,2937,525
256,55294,12394,20954,12334,6635,558
257,73053,20607,22186,32197,8766,2010
258,36959,3868,26443,4041,4435,1921
259,20530,2648,17356,7217,2464,1549
260,44320,11390,5195,13406,5318,364
261,68565,20019,7187,27096,8228,1796
262,18748,6374,16707,8579,2250,1827
263,46968,10176,7330,16179,5636,1376
264,47562,17978,26225,6509,5707,1350
265,28545,12675,8606,7299,3425,392
266,77123,31770,29852,19908,9255,291
267,15663,1815,5060,6121,1880,338
268,49766,14542,19387,7352,5972,680
269,22994,3265,8927,3095,2759,1556
270,43021,8467,11296,8296,5163,539
271,76087,37638,18622,8419,9130,1275
272,45303,7112,19125,6840,5436,998
273,65647,19665,7591,27063,7878,674
274,18304,6356,17127,6562,2196,1662
275,67915,25875,20748,23824,8150,804
276,69384,22471,11121,23842,8326,1020
277,66005,6858,6200,11206,7921,797
278,61576,14198,20721,8376,7389,1732
279,54353,16691,24238,9685,6522,713
280,77003,10407,16087,13280,9240,1726
281,32675,7850,28408,14408,3921,2077
282,67733,7673,11972,13069,8128,1899
283,59417,7809,5136,3741,7130,1229
284,38938,10076,22413,12918,4673,699
285,38664,5919,20346,18205,4640,1884
286,16636,5440,23978,11653,1996,916
287,35080,13183,28590,19698,4210,1341
288,75343,31662,5661,28027,9041,1708
289,42728,7694,7472,7580,5127,865
290,64850,10829,5086,19488,7782,2408
291,41736,5919,15704,5436,5008,1279
292,43673,15485,11219,15091,5241,427
293,52505,20088,29527,21485,6301,348
294,62323,7020,21322,5113,7479,1269
295,61645,29250,19749,27328,7397,1367
296,15854,1915,11968,8202,1902,831
297,39548,12518,24157,8907,4746,1563
298,53623,20571,18596,23485,6435,612
299,22392,10040,6700,2763,2687,1955
300,70680,27257,7700,21127,8482,719
301,75818,31896,28199,23297,9098,1567
302,61717,14552,16821,17360,7406,1302
303,69401,29560,23031,34347,8328,797
304,36556,4827,27422,18428,4387,1859
305,65859,30159,26548,30184,7903,1885
306,75121,23966,10520,12980,9015,2360
307,53559,22865,16510,25831,6427,2388
308,41309,11605,8687,4582,4957,2124
309,36919,13196,21980,18985,4430,929
310,78734,24452,25929,17048,9448,788
311,19931,7826,13837,2639,2392,576
312,67662,8975,19955,20993,8119,1607
313,47970,5955,16281,7570,5756,2069
314,59215,11774,18917,9970,7106,950
315,68370,11200,9757,11301,8204,826
316,27688,12424,18045,3834,3323,1829
317,40342,7572,25768,6947,4841,1194
318,52157,25575,13912,4700,6259,1783
319,17327,4068,9733,5023,2079,902
320,55772,9640,12081,5507,6693,2259
321,67083,27898,13690,23980,8050,1379
322,55545,20190,28501,11352,6665,676
323,15197,4548,26113,13111,1824,600
324,38509,12405,6673,15423,4621,2424
325,49698,19267,19318,10802,5964,256
326,59542,11395,29690,24735,7145,2075
327,30087,14999,16171,15364,3610,647
328,37671,18456,18545,22151,4521,402
329,40184,14471,16803,14253,4822,1856
330,42848,7705,28562,5577,5142,937
331,57107,21249,7294,18133,6853,401
332,35666,4597,8630,10084,4280,1553
333,59357,6663,20093,18048,7123,1091
334,66663,13537,21530,12898,8000,415
335,30708,8753,19453,15607,3685,222
336,41370,18505,17174,22334,4964,2402
337,64811,25333,8453,10296,7777,1409
338,17811,7072,9507,2477,2137,2496
339,71250,19252,27167,11606,8550,948
340,62011,14782,29135,27026,7441,1004
341,21546,5352,15602,9314,2586,333
342,73713,36492,10628,25256,8846,520
343,49754,5774,13328,10359,5970,633
344,45206,20199,20534,16711,5425,1245
345,56106,18597,24744,12627,6733,1072
346,26411,7275,24389,9832,3169,2298
347,17911,6987,8552,8304,2149,2423
348,16734,4931,21402,12718,2008,452
349,33227,14931,7242,15685,3987,1165
350,23680,10899,19665,15376,2842,938
351,34360,9232,27702,10734,4123,1329
352,33343,7026,10097,8438,4001,1539
353,20759,6995,13640,9372,2491,501
354,38078,17704,6948,17599,4569,2177
355,50153,9241,10618,5986,6018,750
356,26111,9118,9236,5605,3133,1678
357,52504,18514,28285,8422,6300,1515
358,16802,6607,6920,6157,2016,1787
359,23155,3534,16169,5425,2779,2022
360,23120,8932,9188,5424,2774,2024
361,54384,25213,17207,6556,6526,1364
362,62025,10660,5238,10710,7443,513
363,62254,12141,5204,21143,7470,383
364,36918,18037,15799,7660,4430,1887
365,35445,6110,10552,11661,4253,912
366,75713,33447,9927,24699,9086,2375
367,45306,13452,16164,19920,5437,1510
368,31646,6294,9390,3932,3798,470
369,61843,27724,24071,33455,7421,1994
370,70439,19591,26335,22768,8453,1010
371,46065,14093,20641,24148,5528,397
372,40199,9796,11160,16994,4824,1279
373,56976,19211,26772,10850,6837,1426
374,31371,5189,20810,3674,3765,1844
375,26835,6881,10126,4994,3220,827
376,60936,29722,5816,17548,7312,803
377,17049,3465,18414,3616,2046,1361
378,46616,16907,5192,6312,5594,1645
379,53191,12238,23160,14675,6383,1280
380,62357,25528,8645,5629,7483,1785
381,76067,11589,17816,8488,9128,2318
382,35932,17532,11314,9974,4312,1110
383,67260,18935,29826,7632,8071,793
384,44855,8721,23172,11450,5383,1595
385,76434,9890,12374,16631,9172,799
386,22158,3720,8700,5630,2659,713
387,58016,17864,15655,24467,6962,2095
388,22400,5260,20129,8722,2688,2331
389,67322,29053,14359,18492,8079,1266
390,57642,15699,8893,12555,6917,2157
391,30151,6015,11811,12206,3618,1009
392,66407,23034,14288,28397,7969,2380
393,16154,6182,24063,12217,1938,1288
394,19499,3253,25288,10491,2340,489
395,21295,3557,28644,4512,2555,968
396,70349,8067,5504,10005,8442,670
397,75535,29803,14813,7391,9064,2396
398,74040,27063,19671,34144,8885,287
399,27183,7879,15738,10932,3262,989
400,44299,19388,16186,18897,5316,1864
401,27874,11770,11773,6576,3345,1509
402,65800,21987,8816,25253,7896,1064
403,47711,21342,5717,8591,5725,1493
404,20539,3745,16676,2065,2465,223
405,57405,8310,9434,10829,6889,2086
406,68351,14210,22042,20156,8202,510
407,76267,9368,10057,16237,9152,1684
408,72597,22684,25392,32041,8712,1431
409,63354,30070,9994,7896,7602,905
410,75527,8741,9234,17621,9063,1559
411,17557,2613,8764,5157,2107,621
412,53360,14988,16181,10173,6403,1973
413,31482,14908,9637,14318,3778,1146
414,17200,3895,7104,6717,2064,1386
415,61940,18761,14447,22190,7433,2034
416,17961,2095,28185,12979,2155,1764
417,61975,9875,15674,20191,7437,1048
418,36357,17984,29959,9101,4363,1789
419,68585,33336,23991,28505,8230,1518
420,26969,2750,13385,5471,3236,2289
421,17869,8590,16999,4804,2144,2147
422,75578,26879,8719,7588,9069,1508
423,76135,34045,7581,27792,9136,586
424,65108,18354,23949,24463,7813,2235
425,61760,18913,7763,9606,7411,1361
426,43643,12898,27712,19997,5237,2225
427,39736,14573,10991,18249,4768,915
428,53467,8333,15531,5955,6416,625
429,38328,4292,24790,7291,4599,1639
430,68645,15320,16064,23763,8237,2273
431,40876,15609,16312,8636,4905,584
432,36295,6560,9780,10852,4355,255
433,18987,7013,9177,2473,2278,305
434,73871,36046,20169,21211,8865,869
435,37399,5145,11476,12682,4488,575
436,77855,28732,23988,28939,9343,942
437,61214,16987,29565,27348,7346,1166
438,48986,21909,7382,21085,5878,507
439,35880,6130,21915,15553,4306,2338
440,19735,7441,27463,11906,2368,1001
441,59064,25707,17508,5925,7088,309
442,75079,35876,5634,21422,9009,1864
443,19555,7300,16996,2606,2347,539
444,56914,17010,19162,23459,6830,1788
445,55818,19377,21386,12573,6698,1178
446,60525,27089,19005,20322,7263,2115
447,34830,11433,13397,7151,4180,367
448,32429,3637,27335,15573,3891,756
449,21893,10342,17327,13462,2627,1104
450,65845,24745,19394,16460,7901,304
451,29373,10886,27010,17875,3525,2247
452,62333,11611,29123,12035,7480,2397
453,18436,6702,27387,9647,2212,345
454,23754,6118,7890,9995,2850,1073
455,25677,9256,15858,6678,3081,498
456,20895,2980,27623,14858,2507,1936
457,34738,12615,13026,4859,4169,845
458,45746,22862,8306,4197,5490,837
459,64377,7679,5897,21518,7725,2486
460,63404,31123,14277,7308,7608,983
461,69045,18142,14471,30291,8285,1096
462,47352,21228,19896,25468,5682,570
463,78771,32529,20240,11083,9453,686
464,54790,17906,19683,17034,6575,2237
465,56919,22505,5670,8189,6830,2412
466,20600,9299,28675,9198,2472,1560
467,44124,11545,22889,5134,5295,391
468,42643,9843,27844,8513,5117,929
469,55764,20467,16767,13096,6692,2461
470,24007,10158,18006,8330,2881,1156
471,60714,24584,26551,32925,7286,580
472,71835,30108,20768,30919,8620,997
473,52410,14373,26639,21894,6289,438
474,77655,33169,21633,24407,9319,1305
475,59080,8749,27841,24874,7090,1586
476,55447,17621,6892,10781,6654,2449
477,23208,2374,8439,7730,2785,1727
478,71491,16431,7854,28584,8579,1867
479,73587,18145,16577,13935,8830,236
480,33589,8682,16763,12899,4031,2196
481,58484,22118,25176,27616,7018,1625
482,32453,8289,16618,16001,3894,1690
483,51212,14313,26714,21167,6145,1424
484,58525,11413,29255,11993,7023,2222
485,62202,15507,13235,11966,7464,1032
486,47635,9094,24996,4510,5716,796
487,78208,10111,7618,23046,9385,899
488,48828,16669,26062,5556,5859,1846
489,33711,12382,8163,14441,4045,2218
490,18420,6406,7942,2610,2210,640
491,46216,13190,29795,8293,5546,2060
492,15301,3855,6925,4411,1836,1840
493,60236,26825,7972,22282,7228,1729
494,64758,19922,16705,8592,7771,1294
495,67322,19636,15640,16418,8079,767
496,15699,1731,15966,5701,1884,435
497,69240,16375,22374,11131,8309,1504
498,73483,18523,16138,8531,8818,1385
499,15190,3942,23196,10967,1823,1232
500,25492,8465,20935,9640,3059,2307
501,65132,20415,18145,5557,7816,2040
502,50743,17413,5489,18466,6089,424
503,21102,8566,16748,13702,2532,2042
504,65336,27780,27260,24254,7840,781
505,67479,26131,25029,20872,8097,368
506,34778,16770,28465,21572,4173,1665
507,72471,7776,24275,30116,8697,213
508,41641,7425,8516,13741,4997,2411
509,49584,5108,24724,12815,5950,1643
510,47745,17140,11410,15111,5729,2070
511,70006,32148,5053,24147,8401,1743
512,38093,7519,23959,6858,4571,1889
513,15569,7330,21999,7265,1868,1771
514,53210,6604,10944,18217,6385,1251
515,49663,23529,12404,18290,5960,1931
516,66885,16096,5954,13589,8026,645
517,51631,7258,15625,16083,6196,915
518,60681,17861,6629,6776,7282,1018
519,22455,4552,15973,6463,2695,2351
520,19014,4068,11859,8675,2282,625
521,26093,5817,13841,4810,3131,1324
522,33070,13929,15539,6034,3968,1764
523,50777,16028,17682,24307,6093,1049
524,71958,16156,8278,9878,8635,1745
525,31538,10853,26839,7977,3785,1329
526,25729,9943,25185,17795,3087,1902
527,49177,10280,23945,19489,5901,2201
528,60017,15930,11539,19676,7202,476
529,15784,2348,21754,10499,1894,2006
530,42751,7373,5857,4420,5130,2435
531,55864,20806,9886,19604,6704,2139
532,55328,9548,17945,14570,6639,2352
533,27533,8537,12485,12493,3304,745
534,55111,21142,18680,16807,6613,309
535,54974,7848,21767,17346,6597,744
536,69748,22802,19397,18968,8370,942
537,20801,4215,15744,6910,2496,1489
538,34190,16588,9334,14547,4103,2075
539,64689,18981,25674,22650,7763,1288
540,53754,22706,24109,20950,6450,532
541,65993,21124,17226,16963,7919,1736
542,44592,5234,27588,14150,5351,1356
543,25647,9060,18440,12566,3078,791
544,23716,11397,20020,14141,2846,982
545,38355,13065,27495,17688,4603,739
546,37009,15828,9251,17448,4441,1758
547,67102,30443,17180,29264,8052,1719
548,39376,7530,21140,12960,4725,818
549,60091,11106,5922,16800,7211,2033
550,19780,6812,24299,14330,2374,1191
551,76459,20217,12957,22452,9175,2346
552,17368,7571,24430,12648,2084,2370
553,27039,12438,20796,13393,3245,1816
554,21655,5227,6230,6225,2599,1718
555,55941,10894,15627,9109,6713,721
556,19495,8036,29031,8852,2339,1116
557,25893,5436,15006,13527,3107,916
558,40547,17397,9933,14556,4866,2136
559,37386,10075,19295,12757,4486,759
560,70766,25973,21377,33455,8492,1168
561,73510,10160,25324,21431,8821,1277
562,28403,9928,27867,12016,3408,1089
563,47097,13220,5203,15714,5652,992
564,28121,9411,21544,13479,3375,1181
565,70071,11716,20899,10093,8409,1001
566,25966,10250,8748,7546,3116,242
567,74326,33084,11718,20029,8919,1809
568,48621,9077,23965,11805,5835,1977
569,68298,9445,6093,15034,8196,549
570,43312,4741,20228,10466,5197,1767
571,67921,24233,25884,11784,8151,1329
572,64726,22191,21034,16526,7767,2248
573,75605,24094,10710,7515,9073,1980
574,65300,12588,14732,17963,7836,783
575,37677,9659,24259,18859,4521,631
576,70609,23851,8191,23745,8473,2132
577,46289,13827,23221,11675,5555,2300
578,71661,35480,5689,8098,8599,1548
579,46024,7114,25143,7870,5523,2394
580,57675,21804,7103,16137,6921,2230
581,19777,5176,5365,3085,2373,1389
582,77277,20964,19010,21808,9273,1362
583,68006,26321,16767,11987,8161,498
584,44749,16869,21103,21692,5370,2139
585,30338,15063,29476,11180,3641,988
586,17491,2647,17742,4219,2099,1049
587,42236,5982,17391,16604,5068,2425
588,63096,24591,9172,13145,7572,1577
589,29599,9808,27417,5204,3552,1377
590,34508,7235,20623,12012,4141,2149
591,69843,9203,7378,16886,8381,1077
592,18051,2424,22589,9848,2166,1338
593,63747,29175,26372,13129,7650,1777
594,64156,11339,17031,14891,7699,1846
595,36606,8396,10669,6713,4393,2103
596,36699,6997,7735,3612,4404,1582
597,69021,16703,14867,27074,8283,344
598,15876,2028,13490,7290,1905,1402
599,73335,22560,5956,12769,8800,2061
600,71179,9043,14306,18891,8541,2054
601,47093,19786,11623,7875,5651,2066
602,19142,3704,19908,11653,2297,1298
603,30202,9544,22858,4929,3624,1351
604,54734,24741,9460,4532,6568,1934
605,22079,7956,28386,10253,2649,767
606,22987,7199,18986,9627,2758,2013
607,54567,12536,17638,16503,6548,730
608,43940,10247,27780,5215,5273,2406
609,52233,19211,24212,12293,6268,1761
610,32019,15934,7850,9754,3842,880
611,61185,22316,18299,10602,7342,2270
612,33077,10688,15698,15945,3969,1270
613,41258,16184,24348,5871,4951,928
614,36136,10338,9594,9635,4336,1929
615,23311,2892,19282,10137,2797,2391
616,32214,10467,21285,7384,3866,867
617,29098,14056,19334,12876,3492,1812
618,43251,7358,11644,16021,5190,880
619,52945,19907,7850,7875,6353,1172
620,62030,11189,19933,26018,7444,2332
621,40945,12870,5165,11111,4913,1026
622,40316,5591,15701,7689,4838,496
623,47217,13228,5919,10467,5666,1453
624,23308,9381,13305,5889,2797,2352
625,20949,5007,24888,11759,2514,1928
626,66990,24516,22375,28365,8039,2224
627,16150,6754,20715,11264,1938,529
628,38944,18338,27431,25112,4673,1355
629,49699,9634,8839,16894,5964,2090
630,24204,6286,22642,10645,2904,581
631,65816,10594,28993,14209,7898,2385
632,16081,7992,16618,7575,1930,1042
633,44305,20859,18519,5043,5317,595
634,31896,10079,26188,16101,3828,649
635,75193,32845,15776,19995,9023,1554
636,61175,18865,5067,4681,7341,2186
637,22805,7969,14788,2990,2737,1508
638,20237,2745,10660,4941,2428,1497
639,64711,26021,9478,19627,7765,2267
640,35056,5296,13210,8894,4207,2486
641,60543,26059,15922,20997,7265,1493
642,71556,29539,8521,18643,8587,2049
643,64012,24548,5572,20278,7681,385
644,60952,6977,12082,8384,7314,1433
645,18343,4058,29216,4037,2201,1637
646,28500,5849,10395,8909,3420,452
647,68222,16650,20407,18021,8187,218
648,44375,5993,23642,4198,5325,1359
649,24662,11709,16094,7614,2959,422
650,31964,10277,27423,5331,3836,202
651,62893,13975,5650,15088,7547,1459
652,71156,18415,10741,14941,8539,1053
653,74638,20815,18281,23121,8957,1688
654,23130,7870,11838,10769,2776,427
655,34531,10576,23971,8629,4144,1877
656,68401,31995,29260,37668,8208,698
657,16679,4983,8262,5503,2001,2085
658,18506,9195,22722,10315,2221,2215
659,28284,12461,9996,11172,3394,1362
660,22253,4081,16826,9352,2670,1499
661,34128,16117,27164,13759,4095,1276
662,42932,6292,7827,8968,5152,914
663,76389,32617,19211,8135,9167,1147
664,24435,6164,10232,2267,2932,1069
665,69340,31285,7217,15043,8321,1270
666,59078,26421,24923,14732,7089,293
667,28296,11951,29229,10208,3396,759
668,66293,27579,19232,9568,7955,1975
669,45445,10083,19026,17486,5453,2460
670,28245,3739,25767,15260,3389,635
671,75403,19695,24345,34003,9048,1051
672,44124,7475,24610,13191,5295,404
673,44899,16971,18878,18186,5388,1299
674,58919,14049,11837,22379,7070,276
675,58225,28544,12031,15272,6987,1015
676,70769,25221,19806,14747,8492,967
677,50247,21556,8716,22882,6030,305
678,70636,10808,8414,16077,8476,2335
679,44222,19670,22832,15117,5307,1946
680,41211,19332,5570,6255,4945,1665
681,77752,22923,24288,9627,9330,444
682,71573,24514,18288,29798,8589,1605
683,74101,30079,23889,26066,8892,1181
684,52220,8874,5917,8809,6266,1936
685,41646,12537,15066,6782,4998,341
686,53649,13920,11982,15025,6438,1092
687,38049,6033,28811,14286,4566,1591
688,29069,7180,11336,4842,3488,744
689,47580,6055,23062,20160,5710,2399
690,46843,5168,21999,5260,5621,1669
691,17849,2750,14941,4941,2142,962
692,75595,36682,28470,30978,9071,823
693,55158,17640,17380,10689,6619,855
694,38289,18621,26133,21335,4595,1447
695,59690,16295,24889,23702,7163,242
696,50257,11294,16667,19340,6031,1226
697,24823,7508,9529,3339,2979,1860
698,75160,20729,22519,10081,9019,1491
699,56975,8106,17192,10006,6837,795
700,24540,8744,13566,8410,2945,1212
701,31364,5847,12226,11717,3764,2424
702,19611,6821,10162,9483,2353,2310
703,42663,15362,21590,18000,5120,1157
704,66991,10773,26259,29350,8039,760
705,72679,9051,6319,20664,8721,1530
706,53646,22118,6141,10366,6438,1512
707,45977,13054,9627,7983,5517,2021
708,44168,5444,28773,17562,5300,1750
709,64115,31926,19501,11348,7694,1049
710,40471,4982,7690,3889,4857,1478
711,37687,14246,12323,11762,4522,1733
712,75890,37450,8255,31057,9107,2014
713,15851,3102,29665,3663,1902,1941
714,33071,5189,10213,12020,3969,805
715,74275,11034,9108,23877,8913,1686
716,21833,4832,24404,8711,2620,1494
717,26938,3783,23241,3471,3233,945
718,50195,18917,24173,8736,6023,757
719,41144,5140,25259,16230,4937,2311
720,19000,5772,28989,12255,2280,1141
721,20052,10000,14802,12316,2406,2496
722,50506,21495,29519,19865,6061,1469
723,43074,14907,27439,6921,5169,1139
724,69884,15549,25266,8895,8386,1810
725,53155,18581,16413,20299,6379,2404
726,55770,17334,19995,8932,6692,1925
727,47320,12797,28559,11714,5678,1184
728,53304,8117,17583,13573,6396,1787
729,61247,27845,28513,6608,7350,1536
730,18913,5294,10021,3841,2270,2074
731,32450,5771,26119,9778,3894,861
732,39107,9663,23771,8698,4693,232
733,35764,9501,11582,4780,4292,2016
734,58404,25173,18455,23672,7008,2320
735,35491,13964,18117,17115,4259,2089
736,53494,21811,27250,11729,6419,1356
737,18373,1918,23950,10777,2205,260
738,27161,7237,22359,8309,3259,1743
739,46996,13748,28596,15784,5640,471
740,42122,4536,6262,13971,5055,2493
741,73097,14906,26431,27177,8772,1399
742,49850,20145,12382,20700,5982,2006
743,42350,6558,27615,6444,5082,1354
744,42472,13341,8327,4325,5097,1325
745,43761,8143,27014,21572,5251,509
746,40351,4231,23643,10026,4842,1515
747,38132,7492,15020,7397,4576,1945
748,64049,31406,22641,27301,7686,537
749,30305,12747,21848,16816,3637,209
750,24817,12007,19062,14845,2978,248
751,26261,7751,24678,7571,3151,1710
752,15417,2218,11774,7736,1850,1544
753,72458,23127,20160,6972,8695,930
754,56576,15940,28815,6325,6789,994
755,35358,15478,6230,11749,4243,1848
756,18267,2543,14076,2295,2192,332
757,32209,9511,8805,6626,3865,2330
758,39052,6249,27803,15950,4686,2304
759,53513,12301,19715,11488,6422,575
760,41092,16229,10750,6460,4931,470
761,26338,7649,20627,6572,3161,1706
762,15412,3858,18232,6165,1849,2358
763,22543,5811,25240,9049,2705,275
764,55355,15709,8135,19463,6643,2156
765,48496,20078,11953,19128,5820,1866
766,75692,34579,27418,22609,9083,528
767,38548,18585,25973,21725,4626,2369
768,42384,17579,6546,5225,5086,240
769,73019,16514,20457,12521,8762,1390
770,59425,22299,27449,28057,7131,2256
771,53756,14785,22478,13152,6451,212
772,33888,6841,7411,14216,4067,1123
773,50735,22138,24001,16136,6088,2042
774,62295,7187,19113,21970,7475,1432
775,66938,30839,9145,16100,8033,1414
776,63816,18161,7775,14023,7658,852
777,32506,11536,18193,9069,3901,1903
778,35463,12899,17851,15214,4256,820
779,32955,15095,18070,12356,3955,2162
780,52841,18741,28012,28478,6341,1845
781,20104,6947,24539,5815,2412,2443
782,49911,6322,8970,4899,5989,616
783,74031,22754,29356,18709,8884,863
784,38190,6113,19119,12949,4583,1978
785,22357,8830,26799,15378,2683,1579
786,47479,14476,9331,9734,5697,347
787,76476,28456,15295,25662,9177,2245
788,59811,6978,6942,10142,7177,1588
789,51208,6858,27410,17463,6145,1925
790,35150,13587,29685,21268,4218,601
791,20644,2660,21575,4840,2477,1715
792,58286,7490,18404,12716,6994,2231
793,62320,6534,5861,22289,7478,428
794,17914,8645,28095,14600,2150,1798
795,36352,14359,14275,12423,4362,467
796,70069,16908,22033,19530,8408,1628
797,61352,13412,9134,10164,7362,2016
798,59912,14372,16803,16332,7189,1234
799,29397,12049,20408,16209,3528,1543
800,56555,20617,28971,23489,6787,325
801,61959,10786,22420,11659,7435,1925
802,15728,2668,21351,3989,1887,1312
803,65517,9130,9131,9744,7862,1575
804,68644,24995,23532,10831,8237,888
805,15698,6369,17057,2892,1884,1480
806,54954,11322,16349,12789,6594,1432
807,62280,6750,16486,6698,7474,480
808,28923,3843,10457,4019,3471,642
809,31779,15481,11079,10900,3813,2063
810,78932,17221,17453,10355,9472,1036
811,22400,9132,23814,3651,2688,588
812,39466,13808,23263,9900,4736,816
813,51939,13129,17158,8640,6233,346
814,19360,3529,20735,7801,2323,720
815,50270,7468,20830,5939,6032,829
816,74163,25661,20125,28541,8900,2391
817,32101,13157,16905,17192,3852,488
818,66934,23933,28926,28254,8032,1609
819,79895,24937,17298,22375,9587,213
820,47307,5525,7011,15868,5677,456
821,69098,33678,8373,24867,8292,1921
822,75921,31848,15335,6480,9111,1623
823,20486,4448,28741,7972,2458,1430
824,23335,11481,15692,13270,2800,1057
825,36364,12391,19527,9318,4364,1395
826,75484,25134,17773,6962,9058,663
827,71418,28512,6289,25126,8570,469
828,52259,22195,6447,20266,6271,1444
829,38576,13987,24583,6955,4629,1406
830,46667,7058,27765,15021,5600,271
831,26130,6149,28906,5995,3136,1506
832,36972,17422,27443,18807,4437,2321
833,55419,10521,24567,10670,6650,1950
834,67788,16870,19139,13395,8135,696
835,75566,20617,18757,30027,9068,1187
836,16167,4458,10462,5256,1940,1109
837,42192,14564,24600,17690,5063,572
838,16062,7665,24520,7266,1927,561
839,33540,6583,24702,8071,4025,2340
840,39244,5832,24166,14289,4709,1544
841,36545,6541,12657,4945,4385,523
842,36689,16685,9920,9067,4403,774
843,26174,9379,15345,5205,3141,935
844,37925,8130,27708,16519,4551,1415
845,75638,32250,27711,38788,9077,1895
846,52497,23337,13417,26675,6300,2107
847,24348,10679,22160,9297,2922,918
848,38714,18102,10208,7583,4646,980
849,53102,10668,5687,11162,6372,1219
850,23924,9618,21913,14519,2871,1603
851,52098,14807,26451,9476,6252,1626
852,39394,17207,18223,21551,4727,863
853,21801,8533,13080,5881,2616,1972
854,52614,21602,26902,29977,6314,210
855,21731,7877,23537,13799,2608,2434
856,63136,10794,14486,22293,7576,1238
857,38625,12283,11094,8028,4635,784
858,32337,15970,28358,4001,3880,1275
859,50307,23894,26158,14606,6037,1574
860,22056,2586,12692,4684,2647,1651
861,26516,4400,16088,2790,3182,2054
862,59261,9049,8103,13475,7111,1989
863,16542,6458,7440,4589,1985,942
864,36677,15665,25519,16245,4401,1976
865,61732,11445,12124,17512,7408,403
866,65343,19756,26585,8956,7841,1276
867,54081,23595,22228,29396,6490,1173
868,77856,30607,19031,12333,9343,1598
869,42569,13490,19536,12195,5108,2065
870,38322,12882,5446,9745,4599,1499
871,34065,10333,8915,13502,4088,1254
872,73561,16111,20787,8263,8827,1358
873,32924,10734,24493,10711,3951,304
874,37556,14104,22618,15385,4507,452
875,75580,33960,11587,12572,9070,494
876,69693,24707,5226,20609,8363,1381
877,41962,16971,25527,23726,5035,748
878,43295,7102,28569,23641,5195,1977
879,28807,8199,16151,3089,3457,498
880,57348,5949,10558,8043,6882,1948
881,41432,8231,16971,8501,4972,2043
882,32749,12791,5186,7598,3930,300
883,56459,28045,19680,11519,6775,1974
884,41256,5762,19559,6716,4951,1073
885,72854,18986,16069,31147,8742,291
886,55262,23212,7535,24051,6631,646
887,52080,9458,6932,4228,6250,308
888,16324,5257,7032,3854,1959,516
889,40731,16017,6252,9531,4888,2035
890,74171,25692,10509,12114,8901,2143
891,50909,8920,10074,14485,6109,1658
892,38803,9396,18900,14097,4656,641
893,34870,14419,19523,18072,4184,2465
894,49578,15949,6881,17032,5949,1445
895,21588,2204,5269,5395,2591,1751
896,67075,27125,6630,21517,8049,477
897,53069,6056,25789,10062,6368,768
898,41790,16645,27523,17042,5015,1209
899,68338,12369,22958,17862,8201,1038
900,40289,19469,18383,6512,4835,1807
901,70129,17334,21152,12017,8415,229
902,43178,9964,16084,8509,5181,2142
903,43710,6974,6695,16128,5245,2333
904,30485,6775,24642,6660,3658,1457
905,59482,26806,19821,12978,7138,564
906,35652,17774,8262,8781,4278,2000
907,19748,4884,6445,6711,2370,2022
908,36233,10125,27647,5888,4348,2062
909,24435,9501,29795,18386,2932,1104
910,18709,8503,21436,12959,2245,897
911,73425,24760,14949,21982,8811,2378
912,45355,11639,26954,18343,5443,2055
913,70771,18758,28963,6418,8493,550
914,72799,27536,23050,16624,8736,379
915,28116,2848,11901,10670,3374,1703
916,40470,14077,24169,5461,4856,1386
917,57344,13889,5719,9279,6881,2006
918,57918,24191,13597,18789,6950,973
919,67224,9223,11855,10076,8067,709
920,54298,18205,23678,27267,6516,564
921,57956,16946,13263,7297,6955,552
922,29683,10595,19520,14911,3562,1306
923,76629,9651,16874,18257,9195,1448
924,15504,5147,25866,11052,1860,611
925,48982,15899,19079,10720,5878,934
926,49299,15986,22082,15606,5916,317
927,43016,14685,12243,18480,5162,681
928,38960,14438,14018,11240,4675,391
929,48591,20505,27302,13489,5831,306
930,32312,6719,21732,11183,3877,581
931,52797,22704,26758,23452,6336,982
932,61196,18316,17100,15544,7344,443
933,64285,8410,29253,29027,7714,667
934,17105,2111,21691,5062,2053,1065
935,51395,12011,24800,14895,6167,1761
936,60740,25144,9820,22895,7289,1433
937,79159,30324,16001,27893,9499,803
938,37700,15662,18907,19217,4524,1860
939,49620,15229,24942,26866,5954,1296
940,52678,14543,25862,14587,6321,2215
941,77612,12339,16669,8294,9313,1858
942,35559,8224,27915,4130,4267,1933
943,42509,11631,26004,18571,5101,1813
944,42860,5805,20916,18683,5143,1059
945,76642,14427,15878,11248,9197,2079
946,26003,8823,7985,3836,3120,1476
947,36732,14482,13112,4217,4408,212
948,78139,39018,13467,33397,9377,1299
949,40826,19321,23931,10749,4899,1274
950,45354,16193,5336,10061,5442,986
951,28843,7744,15165,9092,3461,348
952,59472,21081,24363,27264,7137,1954
953,63529,26318,17768,22891,7623,2369
954,21190,3122,8968,6781,2543,1503
955,32640,8616,5910,4430,3917,1379
956,67528,29437,23380,21457,8103,281
957,53413,13542,20632,20044,6410,691
958,77606,25513,21279,36488,9313,2225
959,67638,22666,8129,9878,8117,1124
960,67736,11772,10447,4712,8128,1496
961,57356,14046,11129,5680,6883,1803
962,59597,13934,10850,12148,7152,1796
963,55821,6167,25588,22344,6699,322
964,18330,2010,12446,1698,2200,907
965,34087,14749,16949,10801,4090,1190
966,56430,11807,13519,10817,6772,2240
967,39504,12137,5314,3595,4740,909
968,22114,4854,16737,7105,2654,993
969,28323,13489,6134,5451,3399,911
970,49121,10007,15938,10357,5895,1917
971,25975,7062,26260,13425,3117,456
972,26023,11687,29486,12121,3123,1412
973,36447,15919,20588,5921,4374,1070
974,39933,6966,13347,17493,4792,1931
975,75363,31732,10592,24594,9044,1008
976,38959,11036,23108,17652,4675,470
977,15667,4593,24727,3140,1880,1743
978,68620,10526,22270,6264,8234,749
979,44703,5912,15997,3654,5364,1337
980,24337,9520,5721,3847,2920,767
981,61427,18341,29062,16717,7371,558
982,70971,19499,14104,29694,8517,1873
983,76529,29984,24741,21560,9183,1837
984,51487,20914,5870,9593,6178,1557
985,34129,5582,11751,9803,4095,1912
986,55251,19011,21881,7498,6630,1562
987,46921,7232,6756,12327,5631,997
988,48307,19349,6117,14172,5797,1484
989,42355,15366,16601,18432,5083,1086
990,52732,25451,7828,25517,6328,1958
991,76480,9758,19996,11975,9178,1422
992,19835,2436,23031,8037,2380,2458
993,35159,7484,18878,17055,4219,486
994,53810,11014,11992,18920,6457,1915
995,62605,12445,18778,16124,7513,1985
996,71254,32955,11771,33210,8550,942
997,55080,11006,21526,5634,6610,1705
998,53088,11084,24145,24972,6371,2240
999,28216,11392,8435,3009,3386,1246
1000,70284,19672,11622,18977,8434,495
1001,72043,29587,17852,32572,8645,2253
1002,74852,9442,19806,12042,8982,880
1003,50547,14913,15623,13627,6066,2091
1004,46471,5272,28453,10512,5577,994
1005,32308,4040,25896,17929,3877,402
1006,42532,19674,6848,17672,5104,524
1007,49349,7684,7696,14710,5922,2491
1008,71866,22492,6717,19902,8624,526
1009,67476,17843,24456,28009,8097,1186
1010,60445,14443,14259,13200,7253,960
1011,20713,9527,7786,6156,2486,1236
1012,71178,7739,19154,22802,8541,1106
1013,64407,23542,18409,14830,7729,1603
1014,19804,9612,8791,2521,2376,564
1015,65990,21385,8871,6601,7919,1444
1016,25136,11933,6806,3459,3016,2320
1017,78937,9544,22888,29782,9472,1848
1018,15009,4015,24692,7347,1801,1269
1019,34255,6990,28501,15917,4111,473
1020,73141,28695,18304,17808,8777,2455
1021,38793,19106,26432,9671,4655,2152
1022,71570,14501,29647,15830,8588,2084
1023,44548,16112,23074,20812,5346,323
1024,52892,9480,20549,17107,6347,1552
1025,79630,25970,8303,32395,9556,1891
1026,16015,4573,24497,9915,1922,2307
1027,74168,36253,21061,25316,8900,641
1028,76813,26378,29234,26823,9218,1440
1029,42712,10242,20198,20892,5125,1110
1030,49961,7276,27800,21008,5995,1225
1031,23415,3758,22888,2804,2810,1759
1032,61318,11658,15655,16267,7358,1941
1033,62280,12480,13924,19695,7474,1934
1034,78242,34446,14940,30270,9389,825
1035,77292,25080,8924,11495,9275,1890
1036,38833,12013,29999,21569,4660,1197
1037,19158,2795,14783,10615,2299,290
1038,77680,34494,9485,13283,9322,2414
1039,35309,13740,17629,18047,4237,406
1040,21970,2792,18233,3192,2636,1288
1041,21938,8405,17901,3084,2633,2111
1042,36168,11480,29484,6348,4340,715
1043,61540,8166,5191,4826,7385,1380
1044,35384,10025,9917,14454,4246,1992
1045,33017,9703,10831,3468,3962,2101
1046,25344,4215,15160,5273,3041,2205
1047,55034,26322,25706,8130,6604,594
1048,23702,10429,18682,6541,2844,1297
1049,15384,5655,28383,3590,1846,386
1050,15404,4389,28666,10516,1848,1797
1051,55943,14808,17391,7345,6713,1791
1052,62926,22678,6874,24318,7551,929
1053,44189,14060,14062,18389,5303,439
1054,27763,3468,9763,2190,3332,340
1055,33384,10182,15234,16107,4006,338
1056,75100,31734,29848,7823,9012,269
1057,47606,13506,14221,8280,5713,584
1058,24860,3003,16410,2572,2983,829
1059,53757,22283,19519,12801,6451,2445
1060,30106,5436,6051,7423,3613,404
1061,65612,13349,17225,23966,7873,1949
1062,38574,6399,14765,8034,4629,767
1063,38524,8941,16382,14453,4623,1181
1064,18636,7505,17580,4236,2236,1004
1065,25916,7976,28922,14928,3110,1910
1066,19809,3604,28795,5691,2377,1081
1067,47201,21294,16989,7342,5664,2235
1068,68330,30874,27704,12228,8200,1173
1069,28456,12755,16939,5554,3415,839
1070,63212,12359,23489,17654,7585,1654
1071,71397,20027,5307,25266,8568,524
1072,70752,34951,29121,9424,8490,641
1073,53765,21979,8359,19069,6452,1003
1074,49816,5523,8176,13566,5978,425
1075,60106,7578,6251,19824,7213,1287
1076,68932,19685,10366,10991,8272,1166
1077,32100,14884,22901,11358,3852,759
1078,72091,22743,11226,29851,8651,913
1079,36949,11052,26689,16058,4434,697
1080,19544,2779,27253,7297,2345,2307
1081,52744,19131,29423,8393,6329,456
1082,60543,25963,19330,12237,7265,776
1083,57783,14571,9891,16063,6934,2486
1084,41657,17090,9992,15778,4999,237
1085,51187,24866,6961,6733,6142,2272
1086,62198,11289,17497,18188,7464,609
1087,22239,6879,24247,10011,2669,660
1088,73918,15882,15848,18857,8870,1640
1089,29489,12301,27987,15528,3539,582
1090,64401,21319,18255,26967,7728,2032
1091,73017,25836,9567,14176,8762,768
1092,76877,32224,21079,35442,9225,1271
1093,58125,15019,11513,7633,6975,632
1094,64922,30256,20235,10763,7791,255
1095,43538,13637,25389,9635,5225,2316
1096,47049,7678,16755,5710,5646,1951
1097,52131,19724,16151,9468,6256,2247
1098,57944,24180,21567,7943,6953,1101
1099,65229,14788,29139,27883,7827,1824
1100,23427,10375,8358,3573,2811,456
1101,56348,26059,27999,26147,6762,871
1102,75381,15887,14590,6561,9046,689
1103,39285,19384,28181,24937,4714,2296
1104,52626,8225,15988,17503,6315,1882
1105,57808,10452,12678,4184,6937,515
1106,37928,6588,10698,13305,4551,633
1107,68871,31515,6273,19041,8265,1225
1108,34198,12370,28037,18266,4104,2175
1109,34758,5591,16241,10222,4171,2179
1110,30254,8354,22480,12844,3630,1589
1111,59238,20503,14497,23237,7109,619
1112,16252,2168,14107,4921,1950,1796
1113,54764,24806,16273,4857,6572,1784
1114,27173,11452,13002,13551,3261,1043
1115,52441,15842,9247,11259,6293,1667
1116,41698,20301,14220,13263,5004,633
1117,68682,18345,26698,5907,8242,1778
1118,74494,36774,24738,23532,8939,2304
1119,30781,11302,15703,17141,3694,1163
1120,28051,9926,20472,6989,3366,1176
1121,54649,9093,21654,12712,6558,245
1122,21949,9938,22570,12078,2634,1393
1123,57289,15525,17392,22885,6875,616
1124,70393,11607,16956,15274,8447,1047
1125,23017,2418,20641,5871,2762,2386
1126,21941,7107,18998,13667,2633,446
1127,40934,12729,11305,14247,4912,429
1128,38386,14884,23782,6145,4606,991
1129,74826,34128,17721,8517,8979,836
1130,76886,10131,11995,16920,9226,937
1131,25209,9897,17427,5517,3025,1288
1132,32715,5724,18782,6494,3926,287
1133,43920,19468,28683,24806,5270,912
1134,68413,29255,25566,8921,8210,1949
1135,71800,22712,7230,23283,8616,1427
1136,46703,17938,11511,8970,5604,2136
1137,57318,12939,21512,22032,6878,1605
1138,69267,19981,14461,23916,8312,800
1139,19637,8417,25056,2754,2356,1699
1140,19854,5633,9765,6250,2382,413
1141,67329,16369,25354,9251,8079,2321
1142,71882,21398,28929,32576,8626,2308
1143,58088,25053,18272,27168,6971,897
1144,66332,15527,10552,14285,7960,1442
1145,52660,8926,5627,10828,6319,2259
1146,54811,21092,16989,11688,6577,2279
1147,64289,27669,18780,25376,7715,1383
1148,70479,9885,11589,12843,8457,1200
1149,34856,6830,7044,5699,4183,436
1150,36833,5775,18171,9607,4420,1404
1151,66984,16021,23725,7778,8038,1681
1152,34963,9795,10884,13168,4196,1303
1153,70123,28016,13185,5917,8415,846
1154,75375,27170,5249,22758,9045,672
1155,51932,18092,24309,9029,6232,311
1156,42169,10161,26427,8514,5060,2045
1157,22941,10016,22358,11556,2753,1854
1158,29388,8479,28576,19816,3527,582
1159,20569,10113,14175,10964,2468,216
1160,19300,6826,21260,5045,2316,692
1161,54037,8133,7672,6566,6484,2096
1162,51586,19111,12279,22118,6190,1709
1163,76482,17594,28915,19807,9178,316
1164,27015,10118,13662,4280,3242,1778
1165,60002,7672,6987,19826,7200,1079
1166,66058,11227,21474,25087,7927,2362
1167,21254,9401,17948,14385,2550,2018
1168,32144,6135,25443,17679,3857,1772
1169,39214,17051,18026,19535,4706,1848
1170,55118,11669,7773,4708,6614,843
1171,30183,10780,18159,4499,3622,1559
1172,21238,8021,14878,8485,2549,535
1173,21090,6434,29767,10477,2531,346
1174,26637,5917,15178,7851,3196,321
1175,37415,6924,28793,10911,4490,280
1176,39071,4426,15377,9290,4689,2310
1177,73243,16229,25824,22174,8789,703
1178,60415,21826,12347,4779,7250,867
1179,75291,35787,6008,13486,9035,1644
1180,57679,25868,8783,16580,6921,1545
1181,56240,22857,28030,24699,6749,1389
1182,75610,31407,9298,10880,9073,1820
1183,33271,12177,9668,10291,3993,2180
1184,51034,10417,25671,19917,6124,1872
1185,48434,22419,7052,12555,5812,658
1186,19188,7067,27393,3046,2303,1412
1187,64823,21014,6716,15023,7779,663
1188,25161,3633,5310,4233,3019,1111
1189,43732,12193,19391,21270,5248,1225
1190,70929,20154,25922,9495,8511,271
1191,26314,11731,6260,9442,3158,1650
1192,38954,12413,18157,4393,4674,1393
1193,72108,18183,25316,18675,8653,2048
1194,36508,17915,16460,13361,4381,2222
1195,36969,5334,21968,8001,4436,2442
1196,60659,16318,29000,17356,7279,1211
1197,52545,6138,29935,8054,6305,852
1198,51668,20459,19011,11486,6200,1498
1199,38061,17783,7866,13078,4567,206
1200,28716,6088,19365,6796,3446,1104
1201,54749,24272,10898,24722,6570,2228
1202,79132,17163,23395,24788,9496,815
1203,54144,25139,11251,14455,6497,2073
1204,31907,12813,9939,3263,3829,969
1205,33777,14253,9006,9975,4053,2489
1206,42693,4577,6625,12999,5123,1766
1207,66745,32380,15956,13394,8009,1685
1208,57928,22631,22274,25882,6951,1640
1209,77541,17206,11078,11953,9305,965
1210,41329,17844,28420,22418,4959,583
1211,61892,13159,13923,6345,7427,887
1212,31282,14049,8961,14471,3754,1349
1213,38624,5602,23888,11906,4635,246
1214,38321,14618,13806,8285,4599,2172
1215,25488,8061,25190,6830,3059,663
1216,37574,5208,27484,11102,4509,2072
1217,20240,3982,23103,14186,2429,322
1218,58221,6111,18558,8710,6987,2381
1219,25478,7325,11686,3372,3057,1842
1220,77519,17093,6587,19861,9302,1040
1221,70645,23973,28384,21173,8477,1785
1222,60162,13169,14803,15957,7219,2003
1223,34262,7537,22280,13888,4111,222
1224,68295,27132,26942,14291,8195,765
1225,67796,8085,29853,29359,8136,2109
1226,19432,8961,26031,8649,2332,1164
1227,44721,19718,15350,6564,5367,2482
1228,79291,29109,23816,31147,9515,1195
1229,28568,9636,25288,13383,3428,1387
1230,74399,33994,16454,16097,8928,1994
1231,77064,13419,20849,22865,9248,1025
1232,29178,3839,11837,4708,3501,415
1233,65428,12811,6449,13653,7851,856
1234,37195,15541,25884,21609,4463,1313
1235,75110,8553,10454,7848,9013,2187
1236,15302,5097,14424,5108,1836,510
1237,32022,15953,9117,14575,3843,756
1238,15055,6659,13869,10403,1807,1756
1239,60781,18756,15850,15594,7294,251
1240,23717,2975,23412,8856,2846,1561
1241,76913,33269,19343,25004,9230,1394
1242,43699,14840,11845,19925,5244,1848
1243,23150,3379,25142,13670,2778,871
1244,17125,2355,27288,4333,2055,977
1245,59247,27482,9624,15338,7110,1031
1246,63513,23352,13848,16718,7622,2479
1247,31748,13706,21549,16568,3810,2060
1248,54577,24647,18136,19542,6549,1729
1249,19621,6450,25975,11115,2355,2275
1250,30034,9220,5589,13433,3604,2172
1251,61391,16709,25908,7150,7367,1274
1252,77322,17535,24205,12591,9279,1916
1253,20126,5511,11509,5645,2415,1483
1254,20122,8241,12693,5622,2415,790
1255,33030,11256,14454,3255,3964,2186
1256,32302,14762,21455,4998,3876,1201
1257,34181,9480,16708,13296,4102,2431
1258,70658,24224,17942,30443,8479,1246
1259,53638,18909,24964,17411,6437,2376
1260,16531,5566,29346,9507,1984,2055
1261,55940,21316,21652,11253,6713,700
1262,67497,13160,14968,23138,8100,2433
1263,55441,16906,7462,18990,6653,678
1264,38333,5431,14460,11475,4600,1794
1265,54650,13870,6015,7689,6558,712
1266,49674,14657,14275,5837,5961,800
1267,50854,18353,18269,5779,6102,1640
1268,61271,29423,29368,23793,7353,1323
1269,23152,7878,5406,9337,2778,388
1270,53518,21270,12384,23064,6422,1188
1271,60540,18314,27433,17634,7265,2081
1272,25267,8935,27553,15196,3032,587
1273,40289,5172,29366,21454,4835,2488
1274,16062,3241,16268,4226,1927,2005
1275,66128,16184,22369,15649,7935,2233
1276,65448,18914,16795,28614,7854,1954
1277,44926,5313,9485,8036,5391,2423
1278,21229,3312,13901,10705,2547,586
1279,71793,15129,7618,27914,8615,1694
1280,64277,31407,27673,26578,7713,1052
1281,62915,14630,14603,23426,7550,651
1282,19632,5749,11928,8857,2356,1958
1283,54056,9646,10368,16657,6487,412
1284,18596,6403,9621,4387,2232,240
1285,59243,12576,19719,5883,7109,1345
1286,21168,3869,16126,5588,2540,799
1287,57563,17650,12566,19025,6908,2224
1288,22561,2306,17306,3190,2707,2230
1289,23258,2397,26054,2740,2791,1982
1290,31616,5932,29042,5655,3794,2051
1291,74500,8544,20086,23610,8940,1979
1292,73513,10528,22387,31205,8822,2104
1293,41734,9830,28888,23795,5008,2291
1294,21371,8998,23850,9407,2565,343
1295,68358,22477,23323,30519,8203,532
1296,41069,12529,23019,17944,4928,1197
1297,29369,6385,14890,8876,3524,1619
1298,27910,13193,13095,10471,3349,254
1299,22943,5938,27649,4766,2753,1530
1300,27199,3667,17719,13818,3264,1646
1301,30728,10657,15283,7819,3687,1640
1302,38275,5570,23279,10843,4593,1933
1303,21738,5176,19231,10056,2609,1894
1304,30913,9366,27908,9101,3710,279
1305,50240,22592,19698,10508,6029,1184
1306,75004,22308,22457,24883,9000,1064
1307,77981,29703,10184,6630,9358,1787
1308,34123,16963,7402,13463,4095,671
1309,69553,10613,9895,16076,8346,2321
1310,63447,13317,28715,21248,7614,1776
1311,49529,12770,16404,16368,5943,1702
1312,75858,20385,20161,21158,9103,788
1313,25167,6654,14343,9031,3020,1610
1314,25554,11833,15637,11715,3066,2105
1315,32260,12440,6956,12309,3871,763
1316,62045,21291,12023,22110,7445,666
1317,18812,4209,19062,11253,2257,798
1318,43024,18480,19333,7870,5163,1844
1319,73656,35504,8907,17744,8839,1191
1320,65612,28113,5807,28561,7873,2132
1321,42285,4255,29762,11380,5074,2495
1322,41900,14856,19031,6155,5028,1804
1323,65885,7936,9827,15171,7906,266
1324,16605,3372,18699,2992,1993,669
1325,20622,2553,9524,3293,2475,1924
1326,21767,7434,20193,14797,2612,1831
1327,42139,15787,21223,14670,5057,974
1328,26613,3880,23668,6554,3194,1336
1329,71138,18036,10313,29716,8537,2211
1330,67669,19116,18598,30734,8120,1686
1331,25589,6336,18058,8007,3071,331
1332,28918,4292,22141,6371,3470,1129
1333,35119,9397,9887,14123,4214,1128
1334,42446,16998,8854,15634,5094,2368
1335,73504,9438,17458,22262,8820,1420
1336,28046,3704,19536,14015,3366,1705
1337,79386,19204,8558,23825,9526,833
1338,39818,18981,14772,8898,4778,1262
1339,50358,18503,22345,20381,6043,1384
1340,65215,24225,25231,14501,7826,488
1341,19324,4730,28110,12509,2319,2447
1342,25787,8702,8575,8825,3094,2011
1343,24111,2509,7418,2361,2893,727
1344,53110,18824,9198,14458,6373,1116
1345,31389,14606,6001,7062,3767,1908
1346,71641,24718,26628,16252,8597,1606
1347,56427,25363,12119,18835,6771,1441
1348,29043,11315,25450,8593,3485,1310
1349,43746,6484,24229,18185,5250,998
1350,72347,33351,14673,8149,8682,1723
1351,37350,4728,10316,11270,4482,211
1352,56605,17751,21244,24120,6793,1032
1353,15117,2371,21806,8574,1814,1441
1354,75272,7880,28099,19392,9033,1872
1355,61685,16582,16873,27360,7402,2353
1356,33935,7398,9266,6324,4072,890
1357,62077,18275,12549,5090,7449,727
1358,28234,9342,27700,10313,3388,1695
1359,79061,9289,24094,6550,9487,1092
1360,53328,7957,15589,22177,6399,586
1361,68441,22138,29453,12301,8213,1449
1362,15846,3760,6657,6493,1902,1977
1363,25954,10165,23925,14629,3114,607
1364,28703,10359,11763,5308,3444,1876
1365,63153,27676,24459,23669,7578,1097
1366,61514,23191,8164,5760,7382,910
1367,37700,10253,23437,12200,4524,1882
1368,47043,17368,13479,4180,5645,1117
1369,78108,16415,10737,29503,9373,2450
1370,21469,4777,24601,14950,2576,616
1371,45105,18745,22831,9151,5413,615
1372,57101,15907,11009,8572,6852,1671
1373,79323,33264,21991,32087,9519,1735
1374,41386,17753,9552,7786,4966,284
1375,73067,32371,23148,35203,8768,366
1376,64376,30041,14417,21057,7725,1295
1377,60587,16504,14221,12573,7270,1009
1378,51976,11827,7671,18453,6237,1744
1379,54051,17992,11519,14486,6486,2016
1380,76998,19132,8962,29206,9240,1192
1381,17048,5804,17734,11445,2046,1481
1382,54001,20641,18122,8474,6480,474
1383,27941,10488,24561,3186,3353,1973
1384,60375,15083,8722,24916,7245,1956
1385,57533,9593,9906,21302,6904,1091
1386,16828,4581,12263,2150,2019,288
1387,16917,2657,18699,9884,2030,907
1388,35618,16243,26438,12876,4274,586
1389,47254,11263,16088,8560,5670,2334
1390,54756,8859,5808,18722,6571,2073
1391,66178,7291,14170,8691,7941,1377
1392,62362,22346,21260,30394,7483,639
1393,35128,12462,22109,7068,4215,1176
1394,73245,17304,15693,21612,8789,934
1395,60745,7817,12701,8595,7289,832
1396,74383,19626,22600,21738,8926,1192
1397,15009,3369,25435,9682,1801,372
1398,31644,11735,23581,6532,3797,203
1399,37422,12810,19191,12512,4491,1863
1400,24865,6113,24190,9228,2984,2215
1401,17219,3223,22356,2900,2066,1695
1402,54809,27142,27018,27741,6577,1260
1403,66212,18645,18704,13869,7945,1254
1404,20287,7614,28867,10993,2434,580
1405,76057,11882,7123,16987,9127,1491
1406,49387,14531,16533,14346,5926,1792
1407,23512,2610,21608,3666,2821,365
1408,16342,4938,19448,6348,1961,1242
1409,78076,37914,19586,22111,9369,1851
1410,58336,14799,6814,18661,7000,1407
1411,34216,3955,18001,14605,4106,744
1412,66976,7527,22490,18065,8037,2439
1413,66146,16880,21508,7495,7938,296
1414,42534,6976,24630,8097,5104,1501
1415,29231,3196,18380,4635,3508,2256
1416,47293,19035,20406,7039,5675,656
1417,41614,11794,7931,8678,4994,2018
1418,51258,11056,18567,8682,6151,472
1419,43253,19898,19038,8595,5190,1231
1420,57078,8359,17317,5269,6849,407
1421,55752,26893,7971,4931,6690,2137
1422,32988,7442,7017,3591,3959,1860
1423,46037,20963,28799,8914,5524,1346
1424,27219,9287,7415,6928,3266,1256
1425,15235,6561,24480,8220,1828,1736
1426,57929,28594,6609,7930,6951,403
1427,76773,16534,5717,15467,9213,2032
1428,16908,8191,24945,6778,2029,642
1429,23567,6028,17662,4530,2828,888
1430,51298,13040,11782,3936,6156,1032
1431,20256,4784,6048,5184,2431,1661
1432,34019,10769,16618,13596,4082,1359
1433,23162,3744,13307,4285,2779,586
1434,73914,23762,12905,9173,8870,2241
1435,66712,21126,14993,27945,8005,1548
1436,20415,8263,15338,5227,2450,1918
1437,51159,22175,10578,8887,6139,879
1438,58925,16274,18834,24850,7071,889
1439,75987,16788,23004,29440,9118,1768
1440,20951,4268,11548,5959,2514,1369
1441,36852,6554,12381,9613,4422,1092
1442,23007,2831,26164,5431,2761,1152
1443,76194,18056,25176,8309,9143,1454
1444,56832,11827,7941,14811,6820,983
1445,73596,35809,10695,8958,8832,2246
1446,70565,22798,11401,17005,8468,2071
1447,45523,10876,20179,21834,5463,694
1448,38325,12731,19456,20322,4599,946
1449,73658,11467,18097,11337,8839,2054
1450,36204,10051,11197,11837,4344,2391
1451,30524,10698,10450,8708,3663,856
1452,78492,23199,29816,35365,9419,2082
1453,34282,8938,27258,8306,4114,1996
1454,38930,19369,22937,4137,4672,467
1455,15077,6817,22396,4014,1809,2416
1456,55345,19335,13378,12097,6641,1962
1457,74965,24570,6881,13720,8996,2280
1458,35611,12402,11799,14824,4273,576
1459,31984,5774,19597,12626,3838,1785
1460,29060,7499,18675,6898,3487,1663
1461,32449,3757,9586,7530,3894,688
1462,33520,9728,13430,4188,4022,921
1463,74793,23725,27831,34687,8975,1145
1464,58303,11142,7345,21797,6996,2286
1465,74207,36036,21459,38846,8905,1835
1466,24510,11367,14548,13470,2941,1240
1467,44287,17221,10877,6767,5314,2473
1468,43173,13528,11785,4215,5181,2314
1469,54711,24510,20833,19500,6565,1877
1470,26954,4104,9922,11399,3234,1198
1471,22804,9491,29474,5827,2736,1977
1472,21565,3233,23714,2511,2588,2484
1473,20984,8765,9686,9913,2518,1156
1474,36526,7682,19407,4402,4383,1789
1475,52438,23641,23286,15245,6293,1361
1476,33574,16036,17205,14681,4029,2068
1477,24184,3858,26054,5907,2902,752
1478,34096,9720,28527,5136,4092,1833
1479,17192,8465,18179,10630,2063,894
1480,49016,14379,23443,18023,5882,516
1481,26246,11690,21524,17667,3150,967
1482,60558,20317,23173,14159,7267,2171
1483,68185,17055,5016,5906,8182,1703
1484,33381,7154,18374,13760,4006,322
1485,77260,14006,21848,20410,9271,2068
1486,51455,20825,25855,10137,6175,1871
1487,41727,10624,23211,18545,5007,1282
1488,19018,5791,10956,3610,2282,1928
1489,26302,7810,21473,6401,3156,2196
1490,16970,5616,9815,2370,2036,2342
1491,56157,25059,24235,15803,6739,1348
1492,69917,34420,7843,17358,8390,2288
1493,42202,11101,20972,13269,5064,2114
1494,46110,19874,27927,21340,5533,453
1495,32586,13224,27285,20213,3910,206
1496,39519,13018,22353,6323,4742,2316
1497,46273,22323,6094,4749,5553,741
1498,36951,6658,11124,2990,4434,288
1499,71819,10321,28731,9524,8618,2138
1500,30374,13413,24579,14664,3645,412
1501,69894,19267,6404,22159,8387,465
1502,20788,9122,28324,14362,2495,1430
1503,20408,9331,25674,6147,2449,1204
1504,74379,9296,8982,11719,8925,2294
1505,40053,18159,17515,12933,4806,821
1506,24446,6828,20790,3426,2934,626
1507,15922,4843,17205,7700,1911,409
1508,48187,16896,26939,27232,5782,1087
1509,66356,31224,29338,17794,7963,1643
1510,25789,2776,17748,11032,3095,353
1511,47184,13718,26097,15226,5662,614
1512,16120,6046,8092,2480,1934,1380
1513,59028,22967,25543,21030,7083,1484
1514,79484,29966,27692,17138,9538,968
1515,47154,7251,28862,4880,5658,1182
1516,32334,7106,29860,14465,3880,1711
1517,17336,4221,18971,10729,2080,778
1518,53141,22414,19616,12962,6377,2410
1519,17243,3647,9933,4549,2069,1238
1520,34029,6271,9926,13699,4083,2442
1521,74201,35838,8969,30157,8904,741
1522,47265,4894,7965,13753,5672,558
1523,52380,26144,9319,9856,6286,1049
1524,61714,22879,13975,27358,7406,626
1525,66017,28479,12108,9446,7922,685
1526,58872,12825,14141,17742,7065,2031
1527,61197,6470,25323,5319,7344,1672
1528,75197,29714,21428,26649,9024,1636
1529,70180,30434,6810,12814,8422,529
1530,38710,15337,25950,12993,4645,1955
1531,44486,6991,15273,9099,5338,1370
1532,21371,8578,14021,4098,2565,458
1533,78340,31929,23293,27446,9401,342
1534,21359,7762,11364,10951,2563,2216
1535,79435,32286,7581,34570,9532,826
1536,55631,24387,5691,8407,6676,1588
1537,78502,27118,5931,25583,9420,289
1538,50996,6907,18128,16429,6120,919
1539,35103,10357,29294,10155,4212,680
1540,79772,10455,19226,5995,9573,2331
1541,75572,19877,18861,25428,9069,1300
1542,29382,7723,20475,16489,3526,872
1543,33755,4267,27766,13686,4051,716
1544,50659,12134,8406,11308,6079,1813
1545,18756,2708,13339,6309,2251,981
1546,35609,15073,22416,7303,4273,2351
1547,63538,30439,22695,27725,7625,2235
1548,31478,4058,13579,11621,3777,886
1549,50442,24315,8121,7159,6053,1789
1550,54666,16893,23257,25552,6560,1099
1551,25147,5528,28165,6902,3018,1701
1552,79803,10434,20946,32862,9576,422
1553,48561,14580,8748,10476,5827,1276
1554,74178,30992,5277,10434,8901,1300
1555,79794,30548,23243,18425,9575,1941
1556,49884,5991,16563,11593,5986,702
1557,20779,2684,27313,3419,2493,1539
1558,27298,7129,11792,8992,3276,823
1559,75669,16505,26097,23584,9080,2086
1560,29153,5625,18918,12604,3498,2412
1561,58879,12506,15374,4971,7065,1250
1562,25789,10867,9675,8586,3095,1293
1563,59165,27908,6170,5895,7100,2185
1564,27999,7337,13681,11043,3360,1588
1565,70318,32518,15717,7579,8438,1529
1566,15814,3615,17450,10250,1898,1347
1567,64497,18741,15680,22308,7740,218
1568,25541,4863,15068,8042,3065,1480
1569,39938,14226,26692,12967,4793,1245
1570,17443,8575,7462,2768,2093,1188
1571,25457,8691,18650,6481,3055,1773
1572,25380,6171,5287,9845,3046,1271
1573,22783,8182,27337,16098,2734,1406
1574,75349,11240,25666,5634,9042,1658
1575,59241,26982,23291,21742,7109,2354
1576,32368,9750,6161,11096,3884,1411
1577,30328,8484,21513,12348,3639,975
1578,71942,24054,27721,8712,8633,2059
1579,41215,14422,7363,6579,4946,2066
1580,48595,6255,29535,9500,5831,1360
1581,42306,15782,10983,17816,5077,2081
1582,34915,6870,21527,10497,4190,1980
1583,54915,21174,13207,15333,6590,801
1584,52219,22403,28853,29358,6266,1794
1585,30343,12792,19758,13162,3641,739
1586,61403,19710,5244,23719,7368,1295
1587,79644,24536,22310,20760,9557,2005
1588,75279,11830,8178,8324,9033,223
1589,68028,27901,7176,29126,8163,823
1590,53727,11206,10002,12340,6447,2035
1591,15126,4518,5886,2436,1815,1279
1592,67329,14389,29916,14021,8079,1185
1593,42632,6545,24782,4637,5116,422
1594,56563,19900,18721,15903,6788,378
1595,59409,7232,17142,22059,7129,2160
1596,70176,28032,29881,36300,8421,1673
1597,69261,15725,7654,26231,8311,992
1598,35530,3555,16984,4559,4264,1083
1599,54964,16734,28776,14620,6596,1412
1600,75877,9010,22755,6142,9105,1801
1601,59327,12486,12135,22145,7119,1009
1602,18368,7031,5320,4291,2204,1160
1603,18797,2351,9654,6400,2256,619
1604,62882,27400,26684,26753,7546,1387
1605,28718,2916,28145,9413,3446,1478
1606,49560,9849,28238,11097,5947,1640
1607,26053,10326,26889,18383,3126,2417
1608,37116,8407,21131,19404,4454,1540
1609,51244,7213,15770,9082,6149,2421
1610,51185,12494,11553,12782,6142,1241
1611,16645,3465,25426,13352,1997,1293
1612,62523,27328,16559,5450,7503,1561
1613,73549,16573,14009,15950,8826,791
1614,67182,27919,18482,8532,8062,726
1615,34256,15646,12498,11063,4111,1492
1616,50840,13906,11636,4290,6101,1854
1617,49622,23023,12362,12898,5955,1010
1618,68173,17106,21395,11219,8181,387
1619,52430,25462,21578,18236,6292,1792
1620,54282,7367,7537,20687,6514,728
1621,69183,25930,24226,29851,8302,633
1622,78374,23318,20216,31868,9405,2141
1623,17708,4517,23613,9572,2125,2004
1624,26694,9425,8009,2665,3203,502
1625,71264,27190,29368,12999,8552,286
1626,24524,2495,19209,13002,2943,637
1627,46880,7819,20675,10668,5626,1245
1628,72545,27946,20029,9149,8705,1032
1629,67659,24801,7077,22456,8119,996
1630,54224,26376,18907,12425,6507,759
1631,51980,21021,29229,11983,6238,961
1632,47409,22771,8867,23674,5689,1898
1633,28224,10754,21152,15906,3387,1324
1634,55738,12219,9873,11829,6689,884
1635,40150,5707,13635,17554,4818,1364
1636,78731,32495,5297,24764,9448,337
1637,64688,23136,18095,24945,7763,777
1638,49393,5891,27240,4776,5927,909
1639,58082,14173,14036,6938,6970,427
1640,22973,11090,6015,8347,2757,1027
1641,23577,7077,6384,10176,2829,630
1642,23070,6300,13745,8879,2768,1263
1643,75625,21408,23734,10085,9075,1909
1644,23666,4344,22653,3999,2840,1886
1645,72761,18007,6260,25329,8731,1434
1646,70642,17514,12701,8555,8477,501
1647,51368,6213,29760,15726,6164,1309
1648,21783,8866,25947,3355,2614,1620
1649,60994,16261,28281,7405,7319,732
1650,56914,24409,27056,23636,6830,968
1651,19971,8790,15401,9817,2397,2138
1652,77202,14267,20519,15160,9264,1604
1653,28490,10340,26977,6838,3419,643
1654,65357,18882,16864,25622,7843,459
1655,60719,27449,20681,11350,7286,1738
1656,60080,11193,27539,18330,7210,1531
1657,16990,6305,10543,9882,2039,269
1658,20299,6965,28624,4860,2436,1677
1659,60765,13254,26067,28546,7292,1662
1660,34956,5406,23265,6091,4195,2048
1661,37359,13474,17488,13108,4483,680
1662,61240,24217,15079,14503,7349,1367
1663,70472,15944,15744,29752,8457,2271
1664,52148,18665,8809,9426,6258,1398
1665,43734,11286,27191,12325,5248,2092
1666,77442,29837,26267,39492,9293,1894
1667,19757,3550,12206,6539,2371,2083
1668,34097,15551,25539,13207,4092,1571
1669,25395,5459,26057,6513,3047,997
1670,31241,7720,18746,13004,3749,217
1671,53356,6575,20995,4337,6403,243
1672,42696,6174,21035,4361,5124,354
1673,65118,19949,16671,20331,7814,1066
1674,19944,4129,18210,5726,2393,942
1675,61163,26556,22793,31864,7340,2051
1676,34816,3686,10197,13431,4178,1625
1677,64840,16316,20553,23233,7781,424
1678,52011,12219,12452,19518,6241,416
1679,67853,7310,13718,19272,8142,230
1680,39917,5977,19859,5352,4790,2092
1681,46195,12263,7172,15842,5543,1282
1682,36566,10865,18158,6726,4388,2115
1683,24916,6521,21663,6949,2990,1097
1684,77823,24310,25361,32487,9339,644
1685,70856,23953,24053,21886,8503,1458
1686,35806,3723,16085,14737,4297,1330
1687,24984,7136,29209,6333,2998,1414
1688,16759,8135,8981,6841,2011,2215
1689,75556,23242,26153,8865,9067,2136
1690,56949,21129,10247,18616,6834,937
1691,41838,9403,15553,16073,5021,1902
1692,17482,7161,25811,9901,2098,1073
1693,39442,16138,11135,7776,4733,765
1694,48719,15031,10573,4299,5846,2218
1695,73066,35832,25515,10735,8768,2085
1696,42965,6454,18731,14010,5156,2323
1697,17079,1824,12189,8818,2049,746
1698,17717,7230,19541,4521,2126,516
1699,74676,31578,15878,28549,8961,2059
1700,42952,6360,16087,17436,5154,224
1701,35908,7405,18667,11170,4309,359
1702,57460,6149,25919,19456,6895,1337
1703,39861,8663,7776,14286,4783,1099
1704,22311,9131,14311,5269,2677,1389
1705,43071,13231,12697,8571,5169,902
1706,38570,9227,19629,3382,4628,200
1707,33449,8319,13386,16037,4014,2122
1708,48536,4880,22046,21083,5824,1624
1709,79077,17391,13044,26408,9489,581
1710,53258,19097,25602,6834,6391,1941
1711,63302,30998,14615,17631,7596,2026
1712,75401,33088,20034,9700,9048,1473
1713,43865,4800,10060,3170,5264,1748
1714,21645,9944,15900,9690,2597,1778
1715,69235,28613,27258,36307,8308,1097
1716,53000,21844,10581,23553,6360,916
1717,41737,11820,7014,13579,5008,590
1718,26485,6865,25173,4340,3178,1899
1719,53565,11847,17997,9887,6428,432
1720,40522,5117,15635,7966,4863,2126
1721,69078,13214,18648,24305,8289,1519
1722,70168,13938,12148,24118,8420,905
1723,67487,19816,29150,17034,8098,433
1724,79412,31684,23748,20829,9529,1591
1725,27342,7916,19022,3318,3281,1455
1726,55806,6872,25013,10723,6697,2096
1727,63770,30808,10919,17177,7652,1089
1728,28087,13400,20886,4943,3370,791
1729,52641,21797,27059,16576,6317,945
1730,49249,24454,11638,22470,5910,1919
1731,25093,7974,9651,8344,3011,627
1732,70457,34179,5609,7688,8455,931
1733,67603,8805,12940,8749,8112,999
1734,76408,18817,15348,18647,9169,401
1735,62190,11826,8866,11634,7463,2393
1736,31438,5606,21755,8213,3773,1035
1737,55411,8662,28382,16856,6649,334
1738,41399,14447,21999,15265,4968,1487
1739,77641,32029,28295,34383,9317,2311
1740,34846,11545,27394,9979,4182,240
1741,30708,4876,7253,10768,3685,1112
1742,59039,25059,9942,12663,7085,1929
1743,64984,23029,17330,6727,7798,1174
1744,60368,15410,5864,15393,7244,1333
1745,25998,9610,6268,8249,3120,1659
1746,70106,14299,12454,27473,8413,2240
1747,62063,14776,18666,22111,7448,443
1748,45678,21331,25955,25978,5481,365
1749,25682,5552,17370,13468,3082,1249
1750,78230,22530,10229,22325,9388,1697
1751,64148,29255,21309,20871,7698,927
1752,23519,9010,23621,10633,2822,1315
1753,71373,8913,9054,26318,8565,682
1754,46480,7387,5935,14549,5578,1430
1755,34694,3578,17172,4245,4163,2348
1756,18300,6448,27778,12848,2196,1079
1757,21722,6062,29275,5286,2607,1029
1758,54986,8452,15530,12780,6598,2224
1759,39160,18921,20560,8070,4699,958
1760,35059,10934,21156,14934,4207,362
1761,50822,10000,21709,22228,6099,1396
1762,28575,8579,14726,6360,3429,1507
1763,79929,29721,12774,8631,9591,2195
1764,22970,2997,25245,6382,2756,2134
1765,49911,10475,6985,14693,5989,1756
1766,36591,15470,19252,9427,4391,506
1767,46821,13291,26316,10331,5619,1562
1768,24503,7807,9603,4028,2940,2302
1769,75535,20631,24162,20983,9064,532
1770,62917,7397,20960,10860,7550,2374
1771,33922,5641,14462,12574,4071,442
1772,27175,7561,19166,3728,3261,2084
1773,68699,12618,12754,20320,8244,1632
1774,69771,8372,19246,10653,8373,502
1775,56124,24552,9078,15466,6735,434
1776,76621,37734,17853,16066,9195,2386
1777,70764,29527,22751,28385,8492,394
1778,36389,16066,9042,17608,4367,1750
1779,62838,12366,21284,26946,7541,1992
1780,15822,7662,19389,8397,1899,846
1781,32327,5779,7575,7567,3879,2248
1782,62057,29823,11754,26383,7447,760
1783,21150,10531,22965,12068,2538,1319
1784,19425,7473,6986,3249,2331,912
1785,73118,36008,23624,33882,8774,612
1786,31032,10173,25350,10464,3724,737
1787,17198,3505,28988,4832,2064,2078
1788,75500,20747,20470,14058,9060,434
1789,68394,23078,29704,14163,8207,1979
1790,35079,4533,10968,9094,4209,2093
1791,51220,17873,12493,8860,6146,1704
1792,56874,28009,9103,7603,6825,2062
1793,28859,5080,7076,3319,3463,1574
1794,65460,27299,26615,23376,7855,615
1795,46419,21499,7994,17740,5570,2109
1796,68329,32626,8744,14303,8199,1115
1797,23705,11475,19466,3206,2845,280
1798,57880,17861,19523,7793,6946,2283
1799,79302,38931,10594,35901,9516,1290
1800,38236,15406,12531,11473,4588,1890
1801,37419,6162,12371,9142,4490,956
1802,34978,10170,19547,3850,4197,667
1803,52609,20377,23028,22291,6313,1365
1804,30358,6039,8144,8107,3643,1694
1805,49177,17519,18990,8613,5901,1844
1806,44378,16271,19083,6181,5325,1219
1807,52334,8639,21626,12047,6280,1814
1808,26382,8601,25469,15675,3166,1101
1809,68643,28051,12954,29202,8237,872
1810,65707,19683,12269,19601,7885,638
1811,29596,3103,12130,10395,3552,326
1812,48572,5033,11828,5155,5829,2452
1813,28221,6852,29746,12771,3387,2276
1814,16279,7659,13844,8189,1953,644
1815,78197,14972,19220,11259,9384,1165
1816,60960,21564,11331,25344,7315,663
1817,79737,15057,24896,11819,9568,2398
1818,77516,17725,18397,14588,9302,2487
1819,22083,9699,22883,11214,2650,1112
1820,70138,27462,15291,23661,8417,696
1821,69771,9640,23542,23149,8373,1663
1822,75921,20611,15164,8713,9111,1971
1823,58861,6573,26546,24132,7063,357
1824,32771,9581,15450,10590,3933,371
1825,44975,16415,25423,14570,5397,693
1826,60648,8940,7035,22625,7278,1169
1827,75105,16189,16463,25333,9013,1534
1828,63285,16399,12977,7367,7594,1626
1829,34063,15935,22241,17275,4088,1892
1830,17106,8507,25207,3751,2053,1993
1831,39557,4666,28154,4116,4747,858
1832,63854,25823,17182,16126,7662,865
1833,35607,8855,5298,14848,4273,566
1834,52599,13517,28628,8880,6312,749
1835,66920,26882,5923,21756,8030,842
1836,43529,20344,25616,8354,5223,2093
1837,50954,24477,18331,21677,6114,454
1838,42856,14179,25690,14588,5143,407
1839,17573,4268,24183,10125,2109,294
1840,27808,11541,11578,5129,3337,2083
1841,50367,10094,9875,16628,6044,677
1842,51801,16868,26710,28509,6216,961
1843,56196,13680,17254,18856,6744,389
1844,49072,17796,27966,16441,5889,1707
1845,75774,14864,23186,31961,9093,1956
1846,38752,6845,15905,3319,4650,1759
1847,70029,32724,18353,28155,8403,955
1848,32685,4599,20882,15832,3922,1646
1849,79746,24114,24041,8367,9570,1035
1850,66693,12561,24730,16899,8003,1863
1851,66203,7651,14663,8956,7944,1828
1852,70961,8118,24333,19817,8515,2035
1853,56401,9593,5941,15278,6768,332
1854,74420,33244,6907,14397,8930,254
1855,26372,5617,9837,6901,3165,709
1856,75001,36014,18680,15542,9000,869
1857,76142,25329,29489,18642,9137,1889
1858,23996,6590,22627,4783,2880,1516
1859,31458,10445,10696,14275,3775,933
1860,71133,21815,21226,5994,8536,1893
1861,46889,18920,18543,22826,5627,458
1862,74519,15872,17615,20836,8942,1345
1863,76268,18397,6466,13442,9152,498
1864,41665,19067,25341,19863,5000,760
1865,53243,25481,23350,18061,6389,2112
1866,72384,33081,5375,19372,8686,2064
1867,46653,12493,5262,4994,5598,496
1868,41657,17169,25746,12464,4999,1661
1869,54952,15965,27886,10895,6594,2374
1870,37180,11117,16580,3498,4462,396
1871,46896,8529,15136,9880,5628,2468
1872,71293,23987,12833,7833,8555,1194
1873,77841,13580,6893,11228,9341,2338
1874,27875,6484,13106,3471,3345,207
1875,16622,7347,16826,3069,1995,519
1876,63756,11657,6652,8186,7651,1617
1877,55809,7169,26924,26967,6697,1898
1878,31725,4048,25276,3086,3807,2308
1879,76396,36388,5599,24821,9168,1661
1880,66226,20051,26199,9595,7947,1487
1881,55760,14708,23296,26269,6691,1318
1882,30646,13005,13792,4217,3678,752
1883,32029,13911,29956,21916,3843,860
1884,44402,10340,25597,16287,5328,915
1885,19263,7271,8637,1770,2312,2441
1886,72953,29798,15355,32302,8754,1658
1887,45987,16641,20989,15087,5518,1054
1888,61828,9932,14290,9953,7419,2459
1889,70288,31654,10599,27215,8435,864
1890,62924,19861,27832,31157,7551,2097
1891,23646,5036,19342,8208,2838,1874
1892,42529,11487,29941,10821,5103,2468
1893,74052,8518,18945,25098,8886,472
1894,26664,4030,15762,10241,3200,1377
1895,50737,20610,19312,24676,6088,1472
1896,50796,5080,12382,15230,6096,478
1897,39027,10406,13982,7032,4683,1015
1898,44373,13711,24953,23492,5325,475
1899,66833,8144,12707,6682,8020,1204
1900,51397,25145,22130,11543,6168,1122
1901,78039,14863,29888,22108,9365,841
1902,35609,7894,9633,10172,4273,704
1903,50835,11264,22304,4543,6100,971
1904,53709,10321,14269,19194,6445,1464
1905,65538,6592,18778,12764,7865,1459
1906,76120,29819,12008,17881,9134,1213
1907,34250,16671,20523,18028,4110,327
1908,36172,6862,23765,9674,4341,1423
1909,26555,9698,8618,2773,3187,1725
1910,36874,14630,25827,7278,4425,1873
1911,28081,12338,5272,13204,3370,691
1912,68276,18370,18007,7075,8193,1457
1913,72492,16033,23157,15494,8699,1866
1914,68002,15648,7547,16032,8160,615
1915,69567,26787,8164,18115,8348,2395
1916,74402,31748,26164,6747,8928,1169
1917,39063,6744,19414,11433,4688,2276
1918,21819,5419,19327,6796,2618,1584
1919,40712,18759,20576,23455,4885,507
1920,39762,16806,5946,5613,4771,2409
1921,26046,12865,19693,8119,3126,260
1922,46463,18664,21890,13476,5576,2372
1923,73594,18934,20540,16697,8831,1679
1924,65485,22020,11719,21478,7858,2130
1925,43769,15950,13435,7599,5252,2490
1926,68302,8974,16350,9856,8196,1713
1927,38150,12124,27744,18124,4578,672
1928,17711,6796,29041,9375,2125,1158
1929,19853,3314,8590,4884,2382,732
1930,44077,18171,15064,7136,5289,693
1931,70364,23467,22576,11278,8444,281
1932,38863,18689,22848,4232,4664,1078
1933,36792,4304,5390,3387,4415,1745
1934,74129,15280,26999,22026,8895,211
1935,55483,18899,17668,25127,6658,1486
1936,23942,5234,16569,5571,2873,648
1937,63275,24410,18029,13948,7593,961
1938,63594,25667,27490,9212,7631,225
1939,16762,2364,18107,5479,2011,2006
1940,46987,14356,7560,4086,5638,1768
1941,30850,9365,10867,14272,3702,261
1942,27112,6716,20284,11811,3253,428
1943,71253,33715,6211,33097,8550,2038
1944,39058,16834,14121,18953,4687,806
1945,60420,22892,6539,15117,7250,1258
1946,53890,20787,22027,17399,6467,1928
1947,15481,4407,13693,3279,1858,1679
1948,62304,29183,13921,17446,7476,1725
1949,47921,18106,22667,24458,5751,960
1950,55385,21688,29064,6656,6646,794
1951,16524,7348,15310,10418,1983,1792
1952,49888,10458,28729,12046,5987,1255
1953,30048,12705,17744,16629,3606,2054
1954,50111,8925,9386,19515,6013,2248
1955,52904,12598,22303,19117,6348,1658
1956,69912,16376,17242,22373,8389,2061
1957,49008,24083,23723,15799,5881,1359
1958,15060,6666,19257,10610,1807,1419
1959,24130,9181,13947,13724,2896,332
1960,33023,12906,18946,15815,3963,285
1961,70337,22848,10930,21394,8440,1699
1962,60080,28768,10402,20019,7210,2030
1963,28350,8463,27047,16755,3402,1403
1964,39354,9925,21017,13026,4722,374
1965,60186,9944,26659,24291,7222,2175
1966,43145,17883,5507,11791,5177,777
1967,49020,19303,6436,4905,5882,1998
1968,35587,9030,16618,8939,4270,2296
1969,56131,6179,13750,12254,6736,344
1970,24650,10738,21122,4826,2958,961
1971,34933,3653,12354,3852,4192,1577
1972,35581,13573,16294,12034,4270,2025
1973,38393,18740,25900,5919,4607,1128
1974,38051,10466,18840,8469,4566,993
1975,66474,12895,25006,24648,7977,1801
1976,41212,15741,9399,19316,4945,1860
1977,75459,32210,10037,27010,9055,518
1978,64082,20415,29495,33987,7690,1310
1979,19090,9293,20848,11057,2291,1776
1980,21960,2650,8715,4114,2635,897
1981,50772,15329,19877,18744,6093,1046
1982,36520,14147,12837,14323,4382,2001
1983,64481,28698,6301,14219,7738,982
1984,51408,8827,12370,3952,6169,2289
1985,43470,18257,26569,19937,5216,1316
1986,77960,25032,23539,7013,9355,1950
1987,72134,18655,11411,21237,8656,1849
1988,35491,5419,11365,4752,4259,491
1989,16341,7290,20449,8437,1961,1168
1990,59623,9713,5692,13203,7155,1687
1991,39791,8910,6478,2945,4775,2042
1992,15338,3313,11396,4228,1841,296
1993,20895,9373,13448,8755,2507,1318
1994,27254,10059,15622,13877,3270,273
1995,66860,27992,21825,31755,8023,1559
1996,26344,5274,15073,7982,3161,1291
1997,16750,5862,7646,7023,2010,957
1998,69756,22929,10209,13285,8371,2141
1999,17421,7546,11533,4947,2091,407
2000,54887,25382,26061,10486,6586,1444